Title,Date,Rating,Review
"Great Value for the Price","2024-03-15",5,"This is a review for the Toyota Corolla. It offers great performance. I would rate this car 5/5."
"Not Impressed","2024-02-10",2,"This is a review for the Honda Civic. The engine could be more powerful. I would rate this car 2/5."
"Smooth Ride, But Needs Improvements","2024-01-25",3,"This is a review for the Ford Mustang. The ride quality is smooth, but the handling could be better. I would rate this car 3/5."
"A Luxury Experience","2024-03-01",5,"This is a review for the Chevrolet Malibu. The interior feels premium. I would rate this car 5/5."
"Surprisingly Fast","2024-02-20",4,"This is a review for the BMW 3 Series. Surprisingly fast, but a bit too stiff on rough roads. I would rate this car 4/5."
"Perfect for Family Road Trips","2024-01-30",5,"This is a review for the Audi A4. Perfect for family road trips with plenty of legroom and great fuel economy. I would rate this car 5/5."
"Disappointing Performance","2024-02-25",2,"This is a review for the Tesla Model 3. The engine could be more powerful. I would rate this car 2/5."
"Great Fuel Economy","2024-03-10",5,"This is a review for the Hyundai Elantra. Fuel economy is solid, making it perfect for long drives. I would rate this car 5/5."
"Best in Class","2024-03-05",5,"This is a review for the Nissan Altima. Best in class for safety features and comfort. I would rate this car 5/5."
"Needs More Power","2024-02-14",3,"This is a review for the Ford Mustang. The engine could use more power, especially on highways. I would rate this car 3/5."
"Perfect for Family Road Trips","2024-03-18",5,"This is a review for the Toyota Corolla. The ride is comfortable and it’s great for road trips with the family. I would rate this car 5/5."
"Too Noisy for Comfort","2024-01-19",2,"This is a review for the Chevrolet Malibu. The cabin noise is unbearable at highway speeds. I would rate this car 2/5."
"Surprisingly Smooth Ride","2024-02-07",4,"This is a review for the BMW 3 Series. A surprisingly smooth ride despite its sporty reputation. I would rate this car 4/5."
"Very Stylish","2024-01-11",5,"This is a review for the Audi A4. Great luxury feel and stylish exterior. I would rate this car 5/5."
"Could Use More Features","2024-02-28",3,"This is a review for the Nissan Altima. While the ride is decent, it could use more tech features. I would rate this car 3/5."
"Great Engine, but Expensive","2024-03-12",4,"This is a review for the Tesla Model 3. Great performance, but the price is too high for what it offers. I would rate this car 4/5."
"Comfortable but Lacking Power","2024-02-25",3,"This is a review for the Hyundai Elantra. Comfortable ride but lacks power when merging onto highways. I would rate this car 3/5."
"Perfect for City Driving","2024-03-16",5,"This is a review for the Ford Mustang. Great for city driving thanks to its compact size and quick handling. I would rate this car 5/5."
"Fuel Economy is Amazing","2024-01-10",5,"This is a review for the Toyota Corolla. Fuel economy is amazing and it's perfect for anyone looking to save on gas. I would rate this car 5/5."
"Disappointing Interior","2024-02-05",2,"This is a review for the Honda Civic. The interior feels cheap compared to other cars in the same class. I would rate this car 2/5."
"Great Performance","2024-03-03",5,"This is a review for the BMW 3 Series. The performance is unmatched in this category. I would rate this car 5/5."
"Impressive Tech Features","2024-01-07",4,"This is a review for the Audi A4. The tech features are impressive, but it can be a little confusing at times. I would rate this car 4/5."
"Great Handling","2024-02-12",5,"This is a review for the Ford Mustang. The handling is impressive, especially on sharp turns. I would rate this car 5/5."
"Comfortable but Not Powerful","2024-01-28",3,"This is a review for the Chevrolet Malibu. It’s very comfortable but could use a more powerful engine. I would rate this car 3/5."